1	2019-06-05 18:25:43	2019-06-05 18:25:43	Ab tenetur.
2	2019-06-05 18:25:43	2019-06-05 18:25:43	Voluptates aperiam.
3	2019-06-05 18:25:43	2019-06-05 18:25:43	Vel et.
4	2019-06-05 18:25:43	2019-06-05 18:25:43	Possimus.
5	2019-06-05 18:25:43	2019-06-05 18:25:43	Non.
6	2019-06-05 18:25:43	2019-06-05 18:25:43	Nostrum.
7	2019-06-05 18:25:43	2019-06-05 18:25:43	Et architecto.
8	2019-06-05 18:25:43	2019-06-05 18:25:43	Est voluptatem.
9	2019-06-05 18:25:43	2019-06-05 18:25:43	Eligendi qui.
10	2019-06-05 18:25:43	2019-06-05 18:25:43	Earum aut.
11	2019-06-05 18:25:43	2019-06-05 18:25:43	Enim.
12	2019-06-05 18:25:43	2019-06-05 18:25:43	Libero laboriosam.
13	2019-06-05 18:25:43	2019-06-05 18:25:43	Inventore.
14	2019-06-05 18:25:43	2019-06-05 18:25:43	Pariatur.
15	2019-06-05 18:25:43	2019-06-05 18:25:43	Nesciunt.
16	2019-06-05 18:25:43	2019-06-05 18:25:43	Eum occaecati.
17	2019-06-05 18:25:43	2019-06-05 18:25:43	Quam fugit.
18	2019-06-05 18:25:43	2019-06-05 18:25:43	Nostrum.
19	2019-06-05 18:25:43	2019-06-05 18:25:43	Fuga.
20	2019-06-05 18:25:43	2019-06-05 18:25:43	Ut quis.
21	2019-06-05 18:25:43	2019-06-05 18:25:43	Et non.
22	2019-06-05 18:25:43	2019-06-05 18:25:43	Blanditiis.
23	2019-06-05 18:25:43	2019-06-05 18:25:43	Iusto.
24	2019-06-05 18:25:43	2019-06-05 18:25:43	Modi provident.
25	2019-06-05 18:25:43	2019-06-05 18:25:43	Aut voluptatem.
26	2019-06-05 18:25:43	2019-06-05 18:25:43	Voluptate vel.
27	2019-06-05 18:25:43	2019-06-05 18:25:43	Ullam.
28	2019-06-05 18:25:43	2019-06-05 18:25:43	Odit delectus.
29	2019-06-05 18:25:43	2019-06-05 18:25:43	Aliquam.
30	2019-06-05 18:25:43	2019-06-05 18:25:43	Recusandae.
31	2019-06-05 18:25:43	2019-06-05 18:25:43	Architecto.
32	2019-06-05 18:25:43	2019-06-05 18:25:43	Ad quisquam.
33	2019-06-05 18:25:43	2019-06-05 18:25:43	Incidunt sed.
34	2019-06-05 18:25:43	2019-06-05 18:25:43	Velit perferendis.
35	2019-06-05 18:25:43	2019-06-05 18:25:43	Dolor laborum.
36	2019-06-05 18:25:43	2019-06-05 18:25:43	Nobis dicta.
37	2019-06-05 18:25:43	2019-06-05 18:25:43	Qui eum.
38	2019-06-05 18:25:43	2019-06-05 18:25:43	Deserunt sapiente.
39	2019-06-05 18:25:43	2019-06-05 18:25:43	Quia amet.
40	2019-06-05 18:25:43	2019-06-05 18:25:43	Minus.
41	2019-06-05 18:25:43	2019-06-05 18:25:43	Magnam.
42	2019-06-05 18:25:43	2019-06-05 18:25:43	Deleniti.
43	2019-06-05 18:25:43	2019-06-05 18:25:43	Error.
44	2019-06-05 18:25:43	2019-06-05 18:25:43	Assumenda vero.
45	2019-06-05 18:25:43	2019-06-05 18:25:43	Nemo.
46	2019-06-05 18:25:43	2019-06-05 18:25:43	Dolore labore.
47	2019-06-05 18:25:43	2019-06-05 18:25:43	Aliquid possimus.
48	2019-06-05 18:25:43	2019-06-05 18:25:43	Autem quidem.
49	2019-06-05 18:25:43	2019-06-05 18:25:43	Commodi voluptatum.
50	2019-06-05 18:25:43	2019-06-05 18:25:43	Aspernatur.
